<References>
  <Reference Name="Excel" Description="Microsoft Excel 15.0 Object Library" Guid="{00020813-0000-0000-C000-000000000046}" Major="1" Minor="8" FullPath="C:\Program Files\Microsoft Office\Office15\EXCEL.EXE" />
  <Reference Name="stdole" Description="OLE Automation" Guid="{00020430-0000-0000-C000-000000000046}" Major="2" Minor="0" FullPath="C:\Windows\system32\stdole2.tlb" />
  <Reference Name="Office" Description="Microsoft Office 15.0 Object Library" Guid="{2DF8D04C-5BFA-101B-BDE5-00AA0044DE52}" Major="2" Minor="7" FullPath="C:\Program Files\Common Files\Microsoft Shared\OFFICE15\MSO.DLL" />
  <Reference Name="Word" Description="Microsoft Word 15.0 Object Library" Guid="{00020905-0000-0000-C000-000000000046}" Major="8" Minor="6" FullPath="C:\Program Files\Microsoft Office\Office15\MSWORD.OLB" />
  <Reference Name="PowerPoint" Description="Microsoft PowerPoint 11.0 Object Library" Guid="{91493440-5A91-11CF-8700-00AA0060263B}" Major="2" Minor="8" FullPath="C:\Program Files\Microsoft Office\OFFICE11\MSPPT.OLB" />
  <Reference Name="Outlook" Description="Microsoft Outlook 15.0 Object Library" Guid="{00062FFF-0000-0000-C000-000000000046}" Major="9" Minor="5" FullPath="C:\Program Files\Microsoft Office\Office15\MSOUTL.OLB" />
  <Reference Name="VBIDE" Description="Microsoft Visual Basic for Applications Extensibility 5.3" Guid="{0002E157-0000-0000-C000-000000000046}" Major="5" Minor="3" FullPath="C:\Users\ryueifu\AppData\Local\Kingsoft\WPS Office\11.1.0.8214\office6\vbe6ext.olb" />
  <Reference Name="MSForms" Description="Microsoft Forms 2.0 Object Library" Guid="{0D452EE1-E08F-101A-852E-02608C4D0BB4}" Major="2" Minor="0" FullPath="C:\Windows\system32\FM20.DLL" />
  <Reference Name="VBScript_RegExp_55" Description="Microsoft VBScript Regular Expressions 5.5" Guid="{3F4DACA7-160D-11D2-A8E9-00104B365C9F}" Major="5" Minor="5" FullPath="C:\Windows\system32\vbscript.dll\3" />
  <Reference Name="Scripting" Description="Microsoft Scripting Runtime" Guid="{420B2830-E718-11CF-893D-00A0C9054228}" Major="1" Minor="0" FullPath="C:\Windows\system32\scrrun.dll" />
  <Reference Name="MSXML2" Description="Microsoft XML, v6.0" Guid="{F5078F18-C551-11D3-89B9-0000F81FE221}" Major="6" Minor="0" FullPath="C:\Windows\System32\msxml6.dll" />
  <Reference Name="IWshRuntimeLibrary" Description="Windows Script Host Object Model" Guid="{F935DC20-1CF0-11D0-ADB9-00C04FD58A0B}" Major="1" Minor="0" FullPath="C:\Windows\system32\wshom.ocx" />
  <Reference Name="WinHttp" Description="Microsoft WinHTTP Services, version 5.1" Guid="{662901FC-6951-4854-9EB2-D9A2570F2B2E}" Major="5" Minor="1" FullPath="C:\Windows\system32\winhttp.dll" />
  <Reference Name="MSHTML" Description="Microsoft HTML Object Library" Guid="{3050F1C5-98B5-11CF-BB82-00AA00BDCE0B}" Major="4" Minor="0" FullPath="C:\Windows\System32\mshtml.tlb" />
  <Reference Name="SHDocVw" Description="Microsoft Internet Controls" Guid="{EAB22AC0-30C1-11CF-A7EB-0000C05BAE0B}" Major="1" Minor="1" FullPath="C:\Windows\System32\ieframe.dll" />
  <Reference Name="ADODB" Description="Microsoft ActiveX Data Objects 2.8 Library" Guid="{2A75196C-D9EB-4129-B803-931327F72D5C}" Major="2" Minor="8" FullPath="C:\Program Files\Common Files\System\ado\msado28.tlb" />
  <Reference Name="ADOX" Description="Microsoft ADO Ext. 2.8 for DDL and Security" Guid="{00000600-0000-0010-8000-00AA006D2EA4}" Major="2" Minor="8" FullPath="C:\Program Files\Common Files\System\ado\msadox28.tlb" />
  <Reference Name="MSScriptControl" Description="Microsoft Script Control 1.0" Guid="{0E59F1D2-1FBE-11D0-8FF2-00A0D10038BC}" Major="1" Minor="0" FullPath="C:\Windows\system32\msscript.ocx" />
  <Reference Name="Shell32" Description="Microsoft Shell Controls And Automation" Guid="{50A7E9B0-70EF-11D1-B75A-00A0C90564FE}" Major="1" Minor="0" FullPath="C:\Windows\system32\shell32.dll" />
  <Reference Name="WbemScripting" Description="Microsoft WMI Scripting V1.2 Library" Guid="{565783C6-CB41-11D1-8B02-00600806D9B6}" Major="1" Minor="2" FullPath="C:\Windows\system32\wbem\wbemdisp.TLB" />
  <Reference Name="CDO" Description="Microsoft CDO for Windows 2000 Library" Guid="{CD000000-8B95-11D1-82DB-00C04FB1625D}" Major="1" Minor="0" FullPath="C:\Windows\system32\cdosys.dll" />
  <Reference Name="Acrobat" Description="Adobe Acrobat 9.0 Type Library" Guid="{E64169B3-3592-47D2-816E-602C5C13F328}" Major="1" Minor="1" FullPath="C:\Program Files\Adobe\Acrobat 9.0\Acrobat\acrobat.tlb" />
  <Reference Name="ActiveDs" Description="Active DS Type Library" Guid="{97D25DB0-0363-11CF-ABC4-02608C9E7553}" Major="1" Minor="0" FullPath="C:\Windows\system32\activeds.tlb" />
  <Reference Name="IHost" Description="Windows Script Host (Ver 5.6)" Guid="{60254CA0-953B-11CF-8C96-00AA00B8708C}" Major="5" Minor="6" FullPath="C:\Windows\System32\wscript.exe" />
  <Reference Name="UIAutomationClient" Description="" Guid="{944DE083-8FB8-45CF-BCB7-C477ACB2F897}" Major="1" Minor="0" FullPath="C:\Windows\System32\UIAutomationCore.dll" />
  <Reference Name="Accessibility" Description="" Guid="{1EA4DBF0-3C3B-11CF-810C-00AA00389B71}" Major="1" Minor="1" FullPath="C:\Windows\System32\oleacc.dll" />
  <Reference Name="TLI" Description="TypeLib Information" Guid="{8B217740-717D-11CE-AB5B-D41203C10000}" Major="1" Minor="0" FullPath="C:\Windows\System32\TLBINF32.DLL" />
  <Reference Name="AddInDesignerObjects" Description="Microsoft Add-In Designer" Guid="{AC0714F2-3D04-11D1-AE7D-00A0C90F26F4}" Major="1" Minor="0" FullPath="C:\Program Files\Common Files\DESIGNER\MSADDNDR.DLL"/>
</References>